biomarker_id,analyte_name,specimen,measurement_property,canonical_unit,category,panel_seed,is_derived,aliases,loinc_code,loinc_component,default_reference_range_notes
10466-1,Anion gap in Serum or Plasma by Calculated.3Ions,Serum/Plasma,Substance concentration,mmol/L,Chemistry,Other,False,"[""Anion Gap SerPl Calculated.3Ions-sCnc"", ""Anion gap Calculated.3Ions [Moles/Vol]""]",10466-1,Anion gap,
10501-5,Lutropin [Units/volume] in Serum or Plasma,Serum/Plasma,Arbitrary concentration,mIU/mL,Chemistry,Hormones,False,"[""LH"", ""LH SerPl-aCnc"", ""Luteinizing Hormone"", ""Lutropin Qn""]",10501-5,Lutropin,
10834-0,Globulin [Mass/volume] in Serum by calculation,Serum,Mass concentration,g/dL,Chemistry,Other,True,"[""Globulin"", ""Globulin Calc (S) [Mass/Vol]"", ""Globulin Calculated"", ""Globulin Ser Calc-mCnc"", ""Serum Globulin""]",10834-0,Globulin,
10839-9,Troponin I.cardiac [Mass/volume] in Serum or Plasma,Serum/Plasma,Mass concentration,ug/L,Chemistry,Cardiac Markers,False,"[""Troponin I SerPl-mCnc"", ""Troponin I.cardiac [Mass/Vol]""]",10839-9,Troponin I.cardiac,
11253-2,Tacrolimus [Mass/volume] in Blood,Whole Blood,Mass concentration,ug/L,Toxicology,Other,False,"[""Tacrolimus (Bld) [Mass/Vol]"", ""Tacrolimus Bld-mCnc""]",11253-2,Tacrolimus,
11282-1,Cells Counted Total [#] in Blood,Whole Blood,Num,#,Hematology,Other,False,"[""Cells Counted Total (Bld) [#]"", ""Total Cells Counted Bld""]",11282-1,Cells counted.total,
11555-0,Base excess in Blood by calculation,Whole Blood,Substance concentration,mmol/L,Chemistry,Other,False,"[""Base excess Bld Calc-sCnc"", ""Base excess Calc (Bld) [Moles/Vol]""]",11555-0,Base excess,
11556-8,Oxygen [Partial pressure] in Blood,Whole Blood,PPres,mm Hg,Chemistry,Other,False,"[""Oxygen (Bld) [Partial pressure]"", ""pO2 Bld""]",11556-8,Oxygen,
11557-6,Carbon dioxide [Partial pressure] in Blood,Whole Blood,PPres,mm Hg,Chemistry,Other,False,"[""CO2 (Bld) [Partial pressure]"", ""pCO2 Bld""]",11557-6,Carbon dioxide,
11572-5,Rheumatoid factor [Units/volume] in Serum or Plasma,Serum/Plasma,Arbitrary concentration,IU/mL,Serology,Other,False,"[""Rheumatoid fact SerPl-aCnc"", ""Rheumatoid factor Qn""]",11572-5,Rheumatoid factor,
11579-0,Thyrotropin [Units/volume] in Serum or Plasma by Detection limit <= 0.05 mIU/L,Serum/Plasma,Arbitrary concentration,mIU/L,Chemistry,Thyroid Profile,False,"[""TSH DL <= 0.05 mIU/L Qn"", ""TSH SerPl DL<=0.05 mIU/L-aCnc""]",11579-0,Thyrotropin,
11580-8,Thyrotropin [Units/volume] in Serum or Plasma by Detection limit <= 0.005 mIU/L,Serum/Plasma,Arbitrary concentration,mIU/L,Chemistry,Thyroid Profile,False,"[""TSH DL <= 0.005 mIU/L Qn"", ""TSH SerPl DL<=0.005 mIU/L-aCnc""]",11580-8,Thyrotropin,
12180-6,Calcium.ionized [Moles/volume] in Serum or Plasma by Ion-selective membrane electrode (ISE),Serum/Plasma,Substance concentration,mmol/L,Chemistry,Electrolytes,False,"[""Ca-I SerPl ISE-sCnc"", ""Calcium.ionized ISE [Moles/Vol]""]",12180-6,Calcium.ionized,
13457-7,Cholesterol in LDL [Mass/volume] in Serum or Plasma by calculation,Serum/Plasma,Mass concentration,mg/dL,Chemistry,Lipid Profile,True,"[""Cholesterol in LDL Calc [Mass/Vol]"", ""LDL"", ""LDL Calculated"", ""LDL Cholesterol"", ""LDL-C"", ""LDL-Cholesterol"", ""LDLc SerPl Calc-mCnc"", ""Low Density Lipoprotein""]",13457-7,Cholesterol.in LDL,
13458-5,Cholesterol in VLDL [Mass/volume] in Serum or Plasma by calculation,Serum/Plasma,Mass concentration,mg/dL,Chemistry,Lipid Profile,True,"[""Cholesterol in VLDL Calc [Mass/Vol]"", ""V.L.D.L"", ""VLDL"", ""VLDL Calculated"", ""VLDL Cholesterol"", ""VLDL-C"", ""VLDLc SerPl Calc-mCnc""]",13458-5,Cholesterol.in VLDL,
13536-8,Globulin [Mass/volume] in Plasma,Plasma,Mass concentration,g/dL,Chemistry,Other,False,"[""Globulin (P) [Mass/Vol]"", ""Globulin Plas-mCnc""]",13536-8,Globulin,
13965-9,Homocysteine [Moles/volume] in Serum or Plasma,Serum/Plasma,Substance concentration,µmol/L,Chemistry,Other,False,"[""Hcys SerPl-sCnc"", ""Homocysteine"", ""Homocysteine [Moles/Vol]"", ""Serum Homocysteine""]",13965-9,Homocysteine,
13969-1,Creatine kinase.MB [Mass/volume] in Serum or Plasma,Serum/Plasma,Mass concentration,ng/mL,Chemistry,Cardiac Markers,False,"[""CK MB SerPl-mCnc"", ""CK.MB [Mass/Vol]""]",13969-1,Creatine kinase.MB,
14627-4,Bicarbonate [Moles/volume] in Venous blood,Venous Blood,Substance concentration,mmol/L,Chemistry,Electrolytes,False,"[""HCO3 (BldV) [Moles/Vol]"", ""HCO3 BldV-sCnc""]",14627-4,Bicarbonate,
14775-1,Hemoglobin [Mass/volume] in Arterial blood by Oximetry,Arterial Blood,Mass concentration,g/L,Hematology,Complete Blood Count,False,"[""Hemoglobin Oximetry (BldA) [Mass/Vol]"", ""Hgb BldA Oximetry-mCnc""]",14775-1,Hemoglobin,
14805-6,Lactate dehydrogenase [Enzymatic activity/volume] in Serum or Plasma by Pyruvate to lactate reaction,Serum/Plasma,Catalytic concentration,arb U/L,Chemistry,Cardiac Markers,False,"[""LDH Pyruvate to lactate reaction [Catalytic activity/Vol]"", ""LDH SerPl P to L-cCnc""]",14805-6,Lactate dehydrogenase,
14957-5,Microalbumin [Mass/volume] in Urine,Urine,Mass concentration,mg/L,Chemistry,Urinalysis,False,"[""Albumin DL <= 20 mg/L (U) [Mass/Vol]"", ""Microalbumin Ur-mCnc""]",14957-5,Albumin,
14959-1,Microalbumin/Creatinine [Mass Ratio] in Urine,Urine,MRto,mg/g creatinine,Chemistry,Urinalysis,False,"[""Albumin/Creatinine DL <= 20 mg/L (U) [Mass ratio]"", ""Microalbumin/Creat Ur""]",14959-1,Albumin/Creatinine,
15067-2,Follitropin [Units/volume] in Serum or Plasma,Serum/Plasma,Arbitrary concentration,IU/L,Chemistry,Hormones,False,"[""FSH"", ""FSH SerPl-aCnc"", ""Follicle Stimulating Hormone"", ""Follitropin Qn""]",15067-2,Follitropin,
15152-2,Bilirubin.conjugated [Mass/volume] in Serum or Plasma,Serum/Plasma,Mass concentration,mg/dL,Chemistry,Liver Function Test,False,"[""Bilirub Conj SerPl-mCnc"", ""Bilirubin.conjugated [Mass/Vol]""]",15152-2,Bilirubin.glucuronidated,
1521-4,Glucose [Mass/volume] in Serum or Plasma --2 hours post meal,Serum/Plasma,Mass concentration,mg/dL,CHAL.ROUTINE,Diabetes Panel,False,"[""Glucose 2 Hr post meal [Mass/Vol]"", ""Glucose 2h p meal SerPl-mCnc"", ""Glucose 2hr Post"", ""PPBS"", ""Post Prandial Blood Sugar""]",1521-4,Glucose^2H post meal,
1558-6,Fasting glucose [Mass/volume] in Serum or Plasma,Serum/Plasma,Mass concentration,mg/dL,CHAL.ROUTINE,Diabetes Panel,False,"[""FBG"", ""FBS"", ""Fasting Blood Glucose"", ""Fasting Blood Sugar"", ""Fasting Glucose"", ""Fasting Plasma Glucose"", ""Glucose p fast SerPl-mCnc"", ""Glucose post fast [Mass/Vol]""]",1558-6,Glucose^post CFst,"< 100: Normal
100 to 126: Pre-diabetic
>126: Diabetic"
16362-6,Ammonia [Moles/volume] in Plasma,Plasma,Substance concentration,umol/L,Chemistry,Other,False,"[""Ammonia (P) [Moles/Vol]"", ""Ammonia Plas-sCnc""]",16362-6,Ammonia,
1742-6,Alanine aminotransferase [Enzymatic activity/volume] in Serum or Plasma,Serum/Plasma,Catalytic concentration,U/L,Chemistry,Liver Function Test,False,"[""ALT"", ""ALT SerPl-cCnc"", ""ALT [Catalytic activity/Vol]"", ""Alanine Aminotransferase"", ""Alanine Transaminase"", ""SGPT"", ""SGPT/ALT"", ""Serum Glutamic Pyruvic Transaminase""]",1742-6,Alanine aminotransferase,
1743-4,Alanine aminotransferase [Enzymatic activity/volume] in Serum or Plasma by With P-5'-P,Serum/Plasma,Catalytic concentration,arb U/L,Chemistry,Liver Function Test,False,"[""ALT SerPl w P-5'-P-cCnc"", ""ALT With P-5'-P [Catalytic activity/Vol]""]",1743-4,Alanine aminotransferase,
1744-2,Alanine aminotransferase [Enzymatic activity/volume] in Serum or Plasma by No addition of P-5'-P,Serum/Plasma,Catalytic concentration,arb U/L,Chemistry,Liver Function Test,False,"[""ALT No additional P-5'-P [Catalytic activity/Vol]"", ""ALT SerPl w/o P-5'-P-cCnc""]",1744-2,Alanine aminotransferase,
1751-7,Albumin [Mass/volume] in Serum or Plasma,Serum/Plasma,Mass concentration,g/dL,Chemistry,Liver Function Test,False,"[""Alb"", ""Albumin"", ""Albumin SerPl-mCnc"", ""Albumin [Mass/Vol]"", ""Serum Albumin""]",1751-7,Albumin,3.4 - 4.8
1754-1,Albumin [Mass/volume] in Urine,Urine,Mass concentration,mg/L,Chemistry,Urinalysis,False,"[""Albumin (U) [Mass/Vol]"", ""Albumin Ur-mCnc""]",1754-1,Albumin,
1759-0,Albumin/Globulin [Mass Ratio] in Serum or Plasma,Serum/Plasma,MRto,ratio,Chemistry,Liver Function Test,False,"[""Albumin/Glob SerPl"", ""Albumin/Globulin [Mass ratio]""]",1759-0,Albumin/Globulin,
17849-1,Reticulocytes/Erythrocytes in Blood by Automated count,Whole Blood,Number fraction,%,Hematology,Complete Blood Count,False,"[""Retics/RBC NFr Auto"", ""Reticulocytes/Erythrocytes Auto (Bld)""]",17849-1,Reticulocytes/Erythrocytes,
17856-6,Hemoglobin A1c/Hemoglobin.total in Blood by HPLC,Whole Blood,Mass fraction,%,Chemistry,HbA1c Panel,False,"[""A1C"", ""Glycated Haemoglobin"", ""Glycated Hemoglobin"", ""Glycosylated Haemoglobin"", ""Glycosylated Hemoglobin"", ""HBA1C"", ""HbA1c"", ""HbA1c HPLC (Bld) [Mass fraction]"", ""HbA1c MFr Bld HPLC"", ""Hba1c"", ""Hemoglobin A1c"", ""HgbA1c""]",17856-6,Hemoglobin A1c/Hemoglobin.total,"<5.7: Normal
5.7 to 6.5: Pre-diabetic
>6.5: Diabetic"
17861-6,Calcium [Mass/volume] in Serum or Plasma,Serum/Plasma,Mass concentration,mg/dL,Chemistry,Electrolytes,False,"[""Ca"", ""Ca++"", ""Calcium"", ""Calcium SerPl-mCnc"", ""Calcium Serum"", ""Calcium [Mass/Vol]"", ""Serum Calcium"", ""Total Calcium""]",17861-6,Calcium,8.7 - 10.4
1798-8,Amylase [Enzymatic activity/volume] in Serum or Plasma,Serum/Plasma,Catalytic concentration,U/L,Chemistry,Pancreatic Enzymes,False,"[""Amylase"", ""Amylase SerPl-cCnc"", ""Amylase [Catalytic activity/Vol]"", ""Serum Amylase""]",1798-8,Amylase,25 - 125
18262-6,Cholesterol in LDL [Mass/volume] in Serum or Plasma by Direct assay,Serum/Plasma,Mass concentration,mg/dL,Chemistry,Lipid Profile,False,"[""Cholesterol in LDL Direct assay [Mass/Vol]"", ""LDLc SerPl Direct Assay-mCnc""]",18262-6,Cholesterol.in LDL,
1834-1,Alpha-1-Fetoprotein [Mass/volume] in Serum or Plasma,Serum/Plasma,Mass concentration,ug/L,Chemistry,Liver Function Test,False,"[""AFP"", ""AFP SerPl-mCnc"", ""AFP [Mass/Vol]"", ""Alpha Fetoprotein""]",1834-1,Alpha-1-Fetoprotein,
1863-0,Anion gap in Serum or Plasma by Calculated.4Ions,Serum/Plasma,Substance concentration,mmol/L,Chemistry,Other,False,"[""Anion Gap SerPl Calculated.4Ions-sCnc"", ""Anion gap Calculated.4Ions [Moles/Vol]""]",1863-0,Anion gap,
19048-8,Nucleated erythrocytes/Leukocytes [Ratio] in Blood,Whole Blood,Ratio,/100 WBC,Hematology,Complete Blood Count,False,"[""Nucleated RBC/Leukocytes (Bld) [Ratio]"", ""nRBC Bld-Rto""]",19048-8,Erythrocytes.nucleated/Leukocytes,
19123-9,Magnesium [Mass/volume] in Serum or Plasma,Serum/Plasma,Mass concentration,mg/dL,Chemistry,Electrolytes,False,"[""Magnesium"", ""Magnesium SerPl-mCnc"", ""Magnesium [Mass/Vol]"", ""Mg"", ""Serum Magnesium""]",19123-9,Magnesium,
1920-8,Aspartate aminotransferase [Enzymatic activity/volume] in Serum or Plasma,Serum/Plasma,Catalytic concentration,U/L,Chemistry,Liver Function Test,False,"[""AST"", ""AST SerPl-cCnc"", ""AST [Catalytic activity/Vol]"", ""Aspartate Aminotransferase"", ""Aspartate Transaminase"", ""SGOT"", ""SGOT/AST"", ""Serum Glutamic Oxaloacetic Transaminase""]",1920-8,Aspartate aminotransferase,
19254-2,Oxygen [Partial pressure] adjusted to patient's actual temperature in Blood,Whole Blood,PPres,mm Hg,Chemistry,Other,False,"[""Oxygen adjusted to patient's actual temperature (Bld) [Partial pressure]"", ""pO2 temp adj Bld""]",19254-2,Oxygen^^adjusted to patient's actual temperature,
1925-7,Base excess in Arterial blood by calculation,Arterial Blood,Substance concentration,mmol/L,Chemistry,Other,False,"[""Base excess BldA Calc-sCnc"", ""Base excess Calc (BldA) [Moles/Vol]""]",1925-7,Base excess,
1959-6,Bicarbonate [Moles/volume] in Blood,Whole Blood,Substance concentration,mmol/L,Chemistry,Electrolytes,False,"[""HCO3 (Bld) [Moles/Vol]"", ""HCO3 Bld-sCnc""]",1959-6,Bicarbonate,
1960-4,Bicarbonate [Moles/volume] in Arterial blood,Arterial Blood,Substance concentration,mmol/L,Chemistry,Electrolytes,False,"[""HCO3 (BldA) [Moles/Vol]"", ""HCO3 BldA-sCnc""]",1960-4,Bicarbonate,
1963-8,Bicarbonate [Moles/volume] in Serum or Plasma,Serum/Plasma,Substance concentration,mmol/L,Chemistry,Electrolytes,False,"[""HCO3 SerPl-sCnc"", ""HCO3 [Moles/Vol]""]",1963-8,Bicarbonate,
1968-7,Bilirubin.direct [Mass/volume] in Serum or Plasma,Serum/Plasma,Mass concentration,mg/dL,Chemistry,Liver Function Test,False,"[""Bilirub Direct SerPl-mCnc"", ""Bilirubin Direct"", ""Bilirubin.direct [Mass/Vol]"", ""Conjugated Bilirubin"", ""D. Bilirubin"", ""D.Bil"", ""Direct Bilirubin"", ""Serum Bilirubin Direct""]",1968-7,Bilirubin.glucuronidated+Bilirubin.albumin bound,
1971-1,Bilirubin.indirect [Mass/volume] in Serum or Plasma,Serum/Plasma,Mass concentration,mg/dL,Chemistry,Liver Function Test,False,"[""Bilirub Indirect SerPl-mCnc"", ""Bilirubin Indirect"", ""Bilirubin.indirect [Mass/Vol]"", ""Indirect Bilirubin"", ""Serum Bilirubin Indirect"", ""Unconjugated Bilirubin""]",1971-1,Bilirubin.non-glucuronidated,
1975-2,Bilirubin.total [Mass/volume] in Serum or Plasma,Serum/Plasma,Mass concentration,mg/dL,Chemistry,Liver Function Test,False,"[""Bilirub SerPl-mCnc"", ""Bilirubin Total"", ""Bilirubin [Mass/Vol]"", ""Serum Bilirubin Total"", ""T. Bilirubin"", ""T.Bil"", ""Total Bilirubin""]",1975-2,Bilirubin,
1978-6,Bilirubin.total [Mass/volume] in Urine,Urine,Mass concentration,mg/dL,Chemistry,Urinalysis,False,"[""Bilirub Ur-mCnc"", ""Bilirubin (U) [Mass/Vol]""]",1978-6,Bilirubin,
1988-5,C reactive protein [Mass/volume] in Serum or Plasma,Serum/Plasma,Mass concentration,mg/dL,Chemistry,Liver Function Test,False,"[""C-Reactive Protein"", ""CRP"", ""CRP SerPl-mCnc"", ""CRP [Mass/Vol]""]",1988-5,C reactive protein,
1989-3,25-hydroxyvitamin D3 [Mass/volume] in Serum or Plasma,Serum/Plasma,Mass concentration,ng/mL,Chemistry,Other,False,"[""25(OH)D3 SerPl-mCnc"", ""25-Hydroxy Vitamin D"", ""25-OH Vitamin D"", ""25-hydroxyvitamin D3 [Mass/Vol]"", ""Vit D"", ""Vitamin D"", ""Vitamin D 25 Hydroxy"", ""Vitamin D3""]",1989-3,Calcidiol,
1994-3,Calcium.ionized [Moles/volume] in Blood,Whole Blood,Substance concentration,mmol/L,Chemistry,Electrolytes,False,"[""Ca-I Bld-sCnc"", ""Calcium.ionized (Bld) [Moles/Vol]""]",1994-3,Calcium.ionized,
2000-8,Calcium [Moles/volume] in Serum or Plasma,Serum/Plasma,Substance concentration,mmol/L,Chemistry,Electrolytes,False,"[""Calcium SerPl-sCnc"", ""Calcium [Moles/Vol]""]",2000-8,Calcium,
2019-8,Carbon dioxide [Partial pressure] in Arterial blood,Arterial Blood,PPres,mm Hg,Chemistry,Other,False,"[""CO2 (BldA) [Partial pressure]"", ""pCO2 BldA""]",2019-8,Carbon dioxide,
2021-4,Carbon dioxide [Partial pressure] in Venous blood,Venous Blood,PPres,mm Hg,Chemistry,Other,False,"[""CO2 (BldV) [Partial pressure]"", ""pCO2 BldV""]",2021-4,Carbon dioxide,
2026-3,"Carbon dioxide, total [Moles/volume] in Arterial blood",Arterial Blood,Substance concentration,mmol/L,Chemistry,Other,False,"[""CO2 (BldA) [Moles/Vol]"", ""CO2 BldA-sCnc""]",2026-3,Carbon dioxide,
2028-9,"Carbon dioxide, total [Moles/volume] in Serum or Plasma",Serum/Plasma,Substance concentration,mmol/L,Chemistry,Other,False,"[""CO2 SerPl-sCnc"", ""CO2 [Moles/Vol]""]",2028-9,Carbon dioxide,
2030-5,Carboxyhemoglobin/Hemoglobin.total in Arterial blood,Arterial Blood,Mass fraction,%,Chemistry,Complete Blood Count,False,"[""COHgb MFr BldA"", ""Carboxyhemoglobin (BldA) [Mass fraction]""]",2030-5,Carboxyhemoglobin/Hemoglobin.total,
2039-6,Carcinoembryonic Ag [Mass/volume] in Serum or Plasma,Serum/Plasma,Mass concentration,ug/L,Chemistry,Tumor Markers,False,"[""CEA"", ""CEA SerPl-mCnc"", ""Carcinoembryonic Ag [Mass/Vol]"", ""Carcinoembryonic Antigen""]",2039-6,Carcinoembryonic Ag,
20448-7,Insulin [Units/volume] in Serum or Plasma,Serum/Plasma,Arbitrary concentration,µIU/mL,Chemistry,Diabetes Panel,False,"[""Fasting Insulin"", ""Insulin"", ""Insulin Fasting"", ""Insulin Qn"", ""Insulin SerPl-aCnc"", ""Serum Insulin""]",20448-7,Insulin,
20509-6,Hemoglobin [Mass/volume] in Blood by calculation,Whole Blood,Mass concentration,g/dL,Hematology,Complete Blood Count,True,"[""Hemoglobin Calc (Bld) [Mass/Vol]"", ""Hgb Bld Calc-mCnc""]",20509-6,Hemoglobin,
20565-8,"Carbon dioxide, total [Moles/volume] in Blood",Whole Blood,Substance concentration,mmol/L,Chemistry,Other,False,"[""CO2 (Bld) [Moles/Vol]"", ""CO2 Bld-sCnc""]",20565-8,Carbon dioxide,
20570-8,Hematocrit [Volume Fraction] of Blood by calculation,Whole Blood,VFr,%,Hematology,Complete Blood Count,False,"[""Hct VFr Bld Calc"", ""Hematocrit Calc (Bld) [Volume fraction]""]",20570-8,Erythrocyte/Blood,
2069-3,Chloride [Moles/volume] in Blood,Whole Blood,Substance concentration,mmol/L,Chemistry,Electrolytes,False,"[""Chloride (Bld) [Moles/Vol]"", ""Chloride Bld-sCnc""]",2069-3,Chloride,
2075-0,Chloride [Moles/volume] in Serum or Plasma,Serum/Plasma,Substance concentration,mmol/L,Chemistry,Electrolytes,False,"[""Chloride"", ""Chloride SerPl-sCnc"", ""Chloride [Moles/Vol]"", ""Cl"", ""Cl-"", ""Serum Chloride""]",2075-0,Chloride,99 - 109
2085-9,Cholesterol in HDL [Mass/volume] in Serum or Plasma,Serum/Plasma,Mass concentration,mg/dL,Chemistry,Lipid Profile,False,"[""Cholesterol in HDL [Mass/Vol]"", ""HDL"", ""HDL Cholesterol"", ""HDL-C"", ""HDL-Cholesterol"", ""HDLc SerPl-mCnc"", ""High Density Lipoprotein""]",2085-9,Cholesterol.in HDL,
2089-1,Cholesterol in LDL [Mass/volume] in Serum or Plasma,Serum/Plasma,Mass concentration,mg/dL,Chemistry,Lipid Profile,False,"[""Cholesterol in LDL [Mass/Vol]"", ""LDL Cholesterol Direct"", ""LDL Direct"", ""LDLc SerPl-mCnc""]",2089-1,Cholesterol.in LDL,
2093-3,Cholesterol [Mass/volume] in Serum or Plasma,Serum/Plasma,Mass concentration,mg/dL,Chemistry,Lipid Profile,False,"[""Cholest SerPl-mCnc"", ""Cholesterol"", ""Cholesterol Total"", ""Cholesterol [Mass/Vol]"", ""Cholestrol"", ""TC"", ""Total Cholesterol""]",2093-3,Cholesterol,
21000-5,Deprecated Erythrocyte distribution width [Entitic volume] by Automated count,Red Blood Cells,Entitic volume,fL,Hematology,Complete Blood Count,False,"[""Beta HCG"", ""Deprecated RDW RBC Auto"", ""Erythrocyte Auto (RBC) [DistWidth]"", ""HCG"", ""Pregnancy Test""]",21000-5,Erythrocyte distribution width,
21197-9,Cholesterol esters/Cholesterol.total in Serum or Plasma,Serum/Plasma,Mass fraction,%,Chemistry,Lipid Profile,False,"[""Cholest Ester MFr SerPl"", ""Cholesterol esters/Total Cholesterol [Mass fraction]""]",21197-9,Cholesterol esters/Cholesterol.total,
21198-7,Choriogonadotropin.beta subunit [Units/volume] in Serum or Plasma,Serum/Plasma,Arbitrary concentration,IU/L,Chemistry,Hormones,False,"[""B-HCG SerPl-aCnc"", ""HCG.beta subunit Qn""]",21198-7,Choriogonadotropin.beta subunit,
2132-9,Cobalamin (Vitamin B12) [Mass/volume] in Serum or Plasma,Serum/Plasma,Mass concentration,pg/mL,Chemistry,Vitamins,False,"[""B12"", ""Cobalamin (Vitamin B12) [Mass/Vol]"", ""Cyanocobalamin"", ""Vit B12"", ""Vit B12 SerPl-mCnc"", ""Vitamin B12""]",2132-9,Cobalamins,211 - 912
2143-6,Cortisol [Mass/volume] in Serum or Plasma,Serum/Plasma,Mass concentration,µg/dL,Chemistry,Hormones,False,"[""Cortis SerPl-mCnc"", ""Cortisol"", ""Cortisol [Mass/Vol]"", ""Morning Cortisol"", ""Serum Cortisol""]",2143-6,Cortisol,
2157-6,Creatine kinase [Enzymatic activity/volume] in Serum or Plasma,Serum/Plasma,Catalytic concentration,U/L,Chemistry,Cardiac Markers,False,"[""CK"", ""CK SerPl-cCnc"", ""CK [Catalytic activity/Vol]"", ""CPK"", ""Creatine Kinase"", ""Creatine Phosphokinase""]",2157-6,Creatine kinase,
2160-0,Creatinine [Mass/volume] in Serum or Plasma,Serum/Plasma,Mass concentration,mg/dL,Chemistry,Kidney Function Test,False,"[""Creat"", ""Creat SerPl-mCnc"", ""Creatinine"", ""Creatinine [Mass/Vol]"", ""S. Creatinine"", ""Serum Creatinine""]",2160-0,Creatinine,0.7 - 1.3
2161-8,Creatinine [Mass/volume] in Urine,Urine,Mass concentration,g/L,Chemistry,Urinalysis,False,"[""Creat Ur-mCnc"", ""Creatinine (U) [Mass/Vol]""]",2161-8,Creatinine,
2243-4,Estradiol (E2) [Mass/volume] in Serum or Plasma,Serum/Plasma,Mass concentration,ng/L,Chemistry,Hormones,False,"[""E2"", ""E2 [Mass/Vol]"", ""Estradiol"", ""Estradiol SerPl-mCnc"", ""Oestradiol""]",2243-4,Estradiol,
2276-4,Ferritin [Mass/volume] in Serum or Plasma,Serum/Plasma,Mass concentration,ng/mL,Chemistry,Iron Studies,False,"[""Ferritin"", ""Ferritin SerPl-mCnc"", ""Ferritin [Mass/Vol]"", ""Serum Ferritin""]",2276-4,Ferritin,21.81 - 274.6
2284-8,Folate [Mass/volume] in Serum or Plasma,Serum/Plasma,Mass concentration,ng/mL,Chemistry,Vitamins,False,"[""Folate"", ""Folate SerPl-mCnc"", ""Folate [Mass/Vol]"", ""Folic Acid"", ""Vitamin B9""]",2284-8,Folate,
2324-2,Gamma glutamyl transferase [Enzymatic activity/volume] in Serum or Plasma,Serum/Plasma,Catalytic concentration,U/L,Chemistry,Liver Function Test,False,"[""GGT"", ""GGT SerPl-cCnc"", ""GGTP"", ""Gamma GT"", ""Gamma Glutamyl Transferase"", ""Gamma glutamyl transferase [Catalytic activity/Vol]""]",2324-2,Gamma glutamyl transferase,
2336-6,Globulin [Mass/volume] in Serum,Serum,Mass concentration,g/dL,Chemistry,Other,False,"[""Globulin (S) [Mass/Vol]"", ""Globulin Ser-mCnc""]",2336-6,Globulin,
2339-0,Glucose [Mass/volume] in Blood,Whole Blood,Mass concentration,mg/dL,Chemistry,Diabetes Panel,False,"[""Glucose (Bld) [Mass/Vol]"", ""Glucose Bld-mCnc""]",2339-0,Glucose,
2341-6,Glucose [Mass/volume] in Blood by Test strip manual,Whole Blood,Mass concentration,mg/dL,Chemistry,Diabetes Panel,False,"[""Glucose Bld Manual Strip-mCnc"", ""Glucose Test strip manual (Bld) [Mass/Vol]""]",2341-6,Glucose,
2345-7,Glucose [Mass/volume] in Serum or Plasma,Serum/Plasma,Mass concentration,mg/dL,Chemistry,Diabetes Panel,False,"[""Blood Glucose"", ""Blood Sugar"", ""Glucose"", ""Glucose SerPl-mCnc"", ""Glucose [Mass/Vol]"", ""RBS"", ""Random Blood Sugar""]",2345-7,Glucose,
23761-0,Neutrophils/Leukocytes in Blood by Manual count,Whole Blood,Number fraction,%,Hematology,Complete Blood Count,False,"[""Neutrophils NFr Bld Manual"", ""Neutrophils/Leukocytes Manual cnt (Bld)""]",23761-0,Neutrophils/Leukocytes,
2458-8,IgA [Mass/volume] in Serum or Plasma,Serum/Plasma,Mass concentration,g/L,Chemistry,Other,False,"[""IgA SerPl-mCnc"", ""IgA [Mass/Vol]""]",2458-8,IgA,
2465-3,IgG [Mass/volume] in Serum or Plasma,Serum/Plasma,Mass concentration,g/L,Chemistry,Other,False,"[""IgG SerPl-mCnc"", ""IgG [Mass/Vol]""]",2465-3,IgG,
2498-4,Iron [Mass/volume] in Serum or Plasma,Serum/Plasma,Mass concentration,µg/dL,Chemistry,Iron Studies,False,"[""Fe"", ""Iron"", ""Iron SerPl-mCnc"", ""Iron [Mass/Vol]"", ""Serum Iron""]",2498-4,Iron,
2500-7,Iron binding capacity [Mass/volume] in Serum or Plasma,Serum/Plasma,Mass concentration,µg/dL,Chemistry,Iron Studies,False,"[""Iron binding capacity [Mass/Vol]"", ""TIBC"", ""TIBC SerPl-mCnc"", ""Total Iron Binding Capacity""]",2500-7,Iron binding capacity,250 - 400
2501-5,Iron binding capacity.unsaturated [Mass/volume] in Serum or Plasma,Serum/Plasma,Mass concentration,ug/dL,Chemistry,Kidney Function Test,False,"[""Iron binding capacity.unsaturated [Mass/Vol]"", ""UIBC SerPl-mCnc""]",2501-5,Iron binding capacity.unsaturated,
2502-3,Iron saturation [Mass Fraction] in Serum or Plasma,Serum/Plasma,Mass fraction,%,Chemistry,Iron Studies,True,"[""Iron Satn MFr SerPl"", ""Iron Saturation"", ""Iron saturation [Mass fraction]"", ""TSAT"", ""Transferrin Saturation""]",2502-3,Iron saturation,
2518-9,Lactate [Moles/volume] in Arterial blood,Arterial Blood,Substance concentration,mmol/L,Chemistry,Other,False,"[""Lactate (BldA) [Moles/Vol]"", ""Lactate BldA-sCnc""]",2518-9,Lactate,
2519-7,Lactate [Moles/volume] in Venous blood,Venous Blood,Substance concentration,mmol/L,Chemistry,Other,False,"[""Lactate (BldV) [Moles/Vol]"", ""Lactate BldV-sCnc""]",2519-7,Lactate,
2524-7,Lactate [Moles/volume] in Serum or Plasma,Serum/Plasma,Substance concentration,mmol/L,Chemistry,Other,False,"[""Lactate SerPl-sCnc"", ""Lactate [Moles/Vol]""]",2524-7,Lactate,
2532-0,Lactate dehydrogenase [Enzymatic activity/volume] in Serum or Plasma,Serum/Plasma,Catalytic concentration,U/L,Chemistry,Cardiac Markers,False,"[""LDH"", ""LDH SerPl-cCnc"", ""LDH [Catalytic activity/Vol]"", ""Lactate Dehydrogenase""]",2532-0,Lactate dehydrogenase,
2571-8,Triglyceride [Mass/volume] in Serum or Plasma,Serum/Plasma,Mass concentration,mg/dL,Chemistry,Lipid Profile,False,"[""Serum Triglycerides"", ""TG"", ""Trigl SerPl-mCnc"", ""Triglyceride"", ""Triglyceride [Mass/Vol]"", ""Triglycerides"", ""Trigs""]",2571-8,Triglyceride,< 150
2615-3,Methemoglobin/Hemoglobin.total in Arterial blood,Arterial Blood,Mass fraction,%,Chemistry,Complete Blood Count,False,"[""MetHgb MFr BldA"", ""Methemoglobin (BldA) [Mass fraction]""]",2615-3,Methemoglobin/Hemoglobin.total,
26444-0,Basophils [#/volume] in Blood,Whole Blood,Number concentration,10*3/mm3,Hematology,Complete Blood Count,False,"[""Basophils # Bld"", ""Basophils (Bld) [#/Vol]""]",26444-0,Basophils,
26446-5,Blasts/Leukocytes in Blood,Whole Blood,Number fraction,%,Hematology,Complete Blood Count,False,"[""Blasts NFr Bld"", ""Blasts/Leukocytes (Bld)""]",26446-5,Blasts/Leukocytes,
26449-9,Eosinophils [#/volume] in Blood,Whole Blood,Number concentration,/uL,Hematology,Complete Blood Count,False,"[""Eosinophil # Bld"", ""Eosinophils (Bld) [#/Vol]""]",26449-9,Eosinophils,
26450-7,Eosinophils/Leukocytes in Blood,Whole Blood,Number fraction,%,Hematology,Complete Blood Count,False,"[""Eosinophil NFr Bld"", ""Eosinophils/Leukocytes (Bld)""]",26450-7,Eosinophils/Leukocytes,
26453-1,Erythrocytes [#/volume] in Blood,Whole Blood,Number concentration,10*12/L,Hematology,Complete Blood Count,False,"[""RBC # Bld"", ""RBC (Bld) [#/Vol]""]",26453-1,Erythrocytes,
26464-8,Leukocytes [#/volume] in Blood,Whole Blood,Number concentration,/uL,Hematology,Complete Blood Count,False,"[""WBC # Bld"", ""WBC (Bld) [#/Vol]""]",26464-8,Leukocytes,
26474-7,Lymphocytes [#/volume] in Blood,Whole Blood,Number concentration,/uL,Hematology,Complete Blood Count,False,"[""Lymphocytes # Bld"", ""Lymphocytes (Bld) [#/Vol]""]",26474-7,Lymphocytes,
26478-8,Lymphocytes/Leukocytes in Blood,Whole Blood,Number fraction,%,Hematology,Complete Blood Count,False,"[""Lymphocytes NFr Bld"", ""Lymphocytes/Leukocytes (Bld)""]",26478-8,Lymphocytes/Leukocytes,
26484-6,Monocytes [#/volume] in Blood,Whole Blood,Number concentration,10*3/mm3,Hematology,Complete Blood Count,False,"[""Monocytes # Bld"", ""Monocytes (Bld) [#/Vol]""]",26484-6,Monocytes,
26485-3,Monocytes/Leukocytes in Blood,Whole Blood,Number fraction,%,Hematology,Complete Blood Count,False,"[""Monocytes NFr Bld"", ""Monocytes/Leukocytes (Bld)""]",26485-3,Monocytes/Leukocytes,
26498-6,Myelocytes/Leukocytes in Blood,Whole Blood,Number fraction,%,Hematology,Complete Blood Count,False,"[""Myelocytes NFr Bld"", ""Myelocytes/Leukocytes (Bld)""]",26498-6,Myelocytes/Leukocytes,
26499-4,Neutrophils [#/volume] in Blood,Whole Blood,Number concentration,10*3/mm3,Hematology,Complete Blood Count,False,"[""Neutrophils # Bld"", ""Neutrophils (Bld) [#/Vol]""]",26499-4,Neutrophils,
26508-2,Band form neutrophils/Leukocytes in Blood,Whole Blood,Number fraction,%,Hematology,Complete Blood Count,False,"[""Band form neutrophils/Leukocytes (Bld)"", ""Neuts Band NFr Bld""]",26508-2,Neutrophils.band form/Leukocytes,
26511-6,Neutrophils/Leukocytes in Blood,Whole Blood,Number fraction,%,Hematology,Complete Blood Count,False,"[""Neutrophils NFr Bld"", ""Neutrophils/Leukocytes (Bld)""]",26511-6,Neutrophils/Leukocytes,
26515-7,Platelets [#/volume] in Blood,Whole Blood,Number concentration,10*3/mm3,Hematology,Complete Blood Count,False,"[""Platelet # Bld"", ""Platelets (Bld) [#/Vol]""]",26515-7,Platelets,
2695-5,Osmolality of Urine,Urine,Osmol,mmol/kg H2O,Chemistry,Urinalysis,False,"[""Osmolality (U) [Osmolality]"", ""Osmolality Ur""]",2695-5,Observation,
2703-7,Oxygen [Partial pressure] in Arterial blood,Arterial Blood,PPres,mm Hg,Chemistry,Other,False,"[""Oxygen (BldA) [Partial pressure]"", ""pO2 BldA""]",2703-7,Oxygen,
2705-2,Oxygen [Partial pressure] in Venous blood,Venous Blood,PPres,mm Hg,Chemistry,Other,False,"[""Oxygen (BldV) [Partial pressure]"", ""pO2 BldV""]",2705-2,Oxygen,
2708-6,Oxygen saturation in Arterial blood,Arterial Blood,Mass fraction,%,Chemistry,Other,False,"[""SaO2 % BldA"", ""SaO2% (BldA) [Mass fraction]""]",2708-6,Oxygen saturation,
2713-6,Oxygen saturation Calculated from oxygen partial pressure in Blood,Whole Blood,Mass fraction,%,Chemistry,Other,True,"[""SaO2 % Bld from pO2"", ""SaO2% Calculated from oxygen partial pressure (Bld) [Mass fraction]""]",2713-6,Oxygen saturation,
2714-4,Fractional oxyhemoglobin in Arterial blood,Arterial Blood,Mass fraction,%,Chemistry,Complete Blood Count,False,"[""OxyHgb MFr BldA"", ""Oxyhemoglobin (BldA) [Mass fraction]""]",2714-4,Oxyhemoglobin/Hemoglobin.total,
27297-1,Leukocyte esterase [Units/volume] in Urine,Urine,Arbitrary concentration,,Urinalysis,Complete Blood Count,False,"[""Leukocyte esterase Qn (U)"", ""Leukocyte esterase Ur-aCnc""]",27297-1,Leukocyte esterase,
2731-8,Parathyrin.intact [Mass/volume] in Serum or Plasma,Serum/Plasma,Mass concentration,ng/L,Chemistry,Other,False,"[""PTH-Intact SerPl-mCnc"", ""Parathyrin.intact [Mass/Vol]""]",2731-8,Parathyrin.intact,
27353-2,Glucose mean value [Mass/volume] in Blood Estimated from glycated hemoglobin,Whole Blood,Mass concentration,mg/dL,Chemistry,Diabetes Panel,False,"[""Average glucose Estimated from glycated hemoglobin (Bld) [Mass/Vol]"", ""Est. average glucose Bld gHb Est-mCnc""]",27353-2,Estimated average glucose,
2777-1,Phosphate [Mass/volume] in Serum or Plasma,Serum/Plasma,Mass concentration,mg/dL,Chemistry,Electrolytes,False,"[""Inorganic Phosphorus"", ""Phosphate"", ""Phosphate SerPl-mCnc"", ""Phosphate [Mass/Vol]"", ""Phosphorus"", ""Serum Phosphorus""]",2777-1,Phosphate,2.4 - 5.1
2823-3,Potassium [Moles/volume] in Serum or Plasma,Serum/Plasma,Substance concentration,mmol/L,Chemistry,Electrolytes,False,"[""K"", ""K+"", ""Potassium"", ""Potassium SerPl-sCnc"", ""Potassium [Moles/Vol]"", ""Serum Potassium""]",2823-3,Potassium,3.5 - 5
2839-9,Progesterone [Mass/volume] in Serum or Plasma,Serum/Plasma,Mass concentration,ng/dL,Chemistry,Hormones,False,"[""Progest SerPl-mCnc"", ""Progesterone"", ""Progesterone [Mass/Vol]""]",2839-9,Progesterone,
2842-3,Prolactin [Mass/volume] in Serum or Plasma,Serum/Plasma,Mass concentration,ug/L,Chemistry,Hormones,False,"[""PRL"", ""Prolactin"", ""Prolactin SerPl-mCnc"", ""Prolactin [Mass/Vol]""]",2842-3,Prolactin,
28539-5,MCH [Entitic mass],Red Blood Cells,Entitic mass,pg,Hematology,Complete Blood Count,True,"[""MCH (RBC) [Entitic mass]"", ""MCH RBC Qn""]",28539-5,Hemoglobin,
28540-3,MCHC [Entitic Mass/volume] in Red Blood Cells,Red Blood Cells,EntMCnc,g/dL,Hematology,Complete Blood Count,True,"[""MCHC (RBC) [Entitic Mass/Vol]"", ""MCHC RBC-EntMCnc""]",28540-3,Hemoglobin,
28541-1,Metamyelocytes/Leukocytes in Blood,Whole Blood,Number fraction,%,Hematology,Complete Blood Count,False,"[""Metamyelocytes NFr Bld"", ""Metamyelocytes/Leukocytes (Bld)""]",28541-1,Metamyelocytes/Leukocytes,
28542-9,Platelet [Entitic mean volume] in Blood,Whole Blood,EntMeanVol,fL,Hematology,Complete Blood Count,False,"[""PMV Bld"", ""Platelet (Bld) [Entitic mean vol]""]",28542-9,Platelet,
2857-1,Prostate specific Ag [Mass/volume] in Serum or Plasma,Serum/Plasma,Mass concentration,ug/L,Chemistry,Tumor Markers,False,"[""PSA"", ""PSA SerPl-mCnc"", ""Prostate Specific Antigen"", ""Prostate specific Ag [Mass/Vol]"", ""Total PSA""]",2857-1,Prostate specific Ag,
2862-1,Albumin [Mass/volume] in Serum or Plasma by Electrophoresis,Serum/Plasma,Mass concentration,g/L,Chemistry,Liver Function Test,False,"[""Albumin Elph [Mass/Vol]"", ""Albumin SerPl Elph-mCnc""]",2862-1,Albumin,
2865-4,Alpha 1 globulin [Mass/volume] in Serum or Plasma by Electrophoresis,Serum/Plasma,Mass concentration,g/L,Chemistry,Other,False,"[""Alpha 1 globulin Elph [Mass/Vol]"", ""Alpha1 Glob SerPl Elph-mCnc""]",2865-4,Alpha 1 globulin,
2868-8,Alpha 2 globulin [Mass/volume] in Serum or Plasma by Electrophoresis,Serum/Plasma,Mass concentration,g/L,Chemistry,Other,False,"[""Alpha 2 globulin Elph [Mass/Vol]"", ""Alpha2 Glob SerPl Elph-mCnc""]",2868-8,Alpha 2 globulin,
2871-2,Beta globulin [Mass/volume] in Serum or Plasma by Electrophoresis,Serum/Plasma,Mass concentration,g/L,Chemistry,Other,False,"[""B-Globulin SerPl Elph-mCnc"", ""Beta globulin Elph [Mass/Vol]""]",2871-2,Beta globulin,
2874-6,Gamma globulin [Mass/volume] in Serum or Plasma by Electrophoresis,Serum/Plasma,Mass concentration,g/L,Chemistry,Other,False,"[""Gamma glob SerPl Elph-mCnc"", ""Gamma globulin Elph [Mass/Vol]""]",2874-6,Gamma globulin,
2885-2,Protein [Mass/volume] in Serum or Plasma,Serum/Plasma,Mass concentration,g/dL,Chemistry,Liver Function Test,False,"[""Prot SerPl-mCnc"", ""Protein [Mass/Vol]"", ""Serum Total Protein"", ""TP"", ""Total Protein""]",2885-2,Protein,5.7 - 8.2
2888-6,Protein [Mass/volume] in Urine,Urine,Mass concentration,g/L,Urinalysis,Urinalysis,False,"[""Prot Ur-mCnc"", ""Protein (U) [Mass/Vol]""]",2888-6,Protein,
2890-2,Protein/Creatinine [Mass Ratio] in Urine,Urine,MRto,mg/g creatinine,Chemistry,Urinalysis,False,"[""Prot/Creat Ur"", ""Protein/Creatinine (U) [Mass ratio]""]",2890-2,Protein/Creatinine,
2947-0,Sodium [Moles/volume] in Blood,Whole Blood,Substance concentration,mmol/L,Chemistry,Electrolytes,False,"[""Sodium (Bld) [Moles/Vol]"", ""Sodium Bld-sCnc""]",2947-0,Sodium,
2951-2,Sodium [Moles/volume] in Serum or Plasma,Serum/Plasma,Substance concentration,mmol/L,Chemistry,Electrolytes,False,"[""Na"", ""Na+"", ""Serum Sodium"", ""Sodium"", ""Sodium SerPl-sCnc"", ""Sodium [Moles/Vol]""]",2951-2,Sodium,132 - 146
2955-3,Sodium [Moles/volume] in Urine,Urine,Substance concentration,mmol/L,Chemistry,Electrolytes,False,"[""Sodium (U) [Moles/Vol]"", ""Sodium Ur-sCnc""]",2955-3,Sodium,
2965-2,Specific gravity of Urine,Urine,SpGrav,,Chemistry,Urinalysis,False,"[""Sp Gr Ur"", ""Specific gravity (U)""]",2965-2,Observation,
2986-8,Testosterone [Mass/volume] in Serum or Plasma,Serum/Plasma,Mass concentration,ng/dL,Chemistry,Hormones,False,"[""Serum Testosterone"", ""Testost SerPl-mCnc"", ""Testosterone"", ""Testosterone [Mass/Vol]"", ""Total Testosterone""]",2986-8,Testosterone,241 - 827
2991-8,Testosterone Free [Mass/volume] in Serum or Plasma,Serum/Plasma,Mass concentration,pg/mL,Chemistry,Hormones,False,"[""Testost Free SerPl-mCnc"", ""Testosterone Free [Mass/Vol]""]",2991-8,Testosterone.free,
3016-3,Thyrotropin [Units/volume] in Serum or Plasma,Serum/Plasma,Arbitrary concentration,mIU/L,Chemistry,Thyroid Profile,False,"[""TSH"", ""TSH Qn"", ""TSH SerPl-aCnc"", ""TSH Ultrasensitive"", ""Thyroid Stimulating Hormone"", ""Thyroid Stimulating Hormone Ultrasensitive""]",3016-3,Thyrotropin,
30180-4,Basophils/Leukocytes in Blood,Whole Blood,Number fraction,%,Hematology,Complete Blood Count,False,"[""Basophils NFr Bld"", ""Basophils/Leukocytes (Bld)""]",30180-4,Basophils/Leukocytes,
30239-8,Aspartate aminotransferase [Enzymatic activity/volume] in Serum or Plasma by With P-5'-P,Serum/Plasma,Catalytic concentration,arb U/L,Chemistry,Liver Function Test,False,"[""AST SerPl w P-5'-P-cCnc"", ""AST With P-5'-P [Catalytic activity/Vol]""]",30239-8,Aspartate aminotransferase,
3024-7,Thyroxine (T4) free [Mass/volume] in Serum or Plasma,Serum/Plasma,Mass concentration,ng/dL,Chemistry,Thyroid Profile,False,"[""FT4"", ""Free T4"", ""Free T4 [Mass/Vol]"", ""Free Thyroxine"", ""T4 Free SerPl-mCnc""]",3024-7,Thyroxine.free,0.61 - 1.12
3026-2,Thyroxine (T4) [Mass/volume] in Serum or Plasma,Serum/Plasma,Mass concentration,µg/dL,Chemistry,Thyroid Profile,False,"[""T4"", ""T4 SerPl-mCnc"", ""T4 [Mass/Vol]"", ""Thyroxine"", ""Thyroxine Total"", ""Total T4"", ""Total Thyroxine""]",3026-2,Thyroxine,
30313-1,Hemoglobin [Mass/volume] in Arterial blood,Arterial Blood,Mass concentration,g/dL,Hematology,Complete Blood Count,False,"[""Hemoglobin (BldA) [Mass/Vol]"", ""Hgb BldA-mCnc""]",30313-1,Hemoglobin,
30341-2,Erythrocyte [Sedimentation Rate] in Blood,Whole Blood,Sedimentation Rate,mm/h,Hematology,Complete Blood Count,False,"[""Erythrocyte (Bld) [Sedimentation Rate]"", ""Erythrocyte Sed Rat Bld""]",30341-2,Erythrocyte,
3034-6,Transferrin [Mass/volume] in Serum or Plasma,Serum/Plasma,Mass concentration,g/L,Chemistry,Iron Studies,False,"[""Transferrin SerPl-mCnc"", ""Transferrin [Mass/Vol]""]",3034-6,Transferrin,
30350-3,Hemoglobin [Mass/volume] in Venous blood,Venous Blood,Mass concentration,g/L,Hematology,Complete Blood Count,False,"[""Hemoglobin (BldV) [Mass/Vol]"", ""Hgb BldV-mCnc""]",30350-3,Hemoglobin,
30376-8,Blasts [#/volume] in Blood,Whole Blood,Number concentration,10*3/mm3,Hematology,Other,False,"[""Blasts # Bld"", ""Blasts (Bld) [#/Vol]""]",30376-8,Blasts,
30385-9,Erythrocyte [DistWidth] in Blood,Whole Blood,DistWidth,%,Hematology,Complete Blood Count,True,"[""Erythrocyte (Bld) [DistWidth]"", ""Erythrocyte DistWidth Bld""]",30385-9,Erythrocyte,
30392-5,Nucleated erythrocytes [#/volume] in Blood,Whole Blood,Number concentration,10*9/L,Hematology,Complete Blood Count,False,"[""Nucleated RBC (Bld) [#/Vol]"", ""nRBC # Bld""]",30392-5,Erythrocytes.nucleated,
3040-3,Lipase [Enzymatic activity/volume] in Serum or Plasma,Serum/Plasma,Catalytic concentration,U/L,Chemistry,Pancreatic Enzymes,False,"[""Lipase"", ""Lipase SerPl-cCnc"", ""Lipase [Catalytic activity/Vol]"", ""Serum Lipase""]",3040-3,Triacylglycerol lipase,08 - 78
30405-5,Leukocytes [#/volume] in Urine,Urine,Number concentration,/uL,Urinalysis,Complete Blood Count,False,"[""WBC # Ur"", ""WBC (U) [#/Vol]""]",30405-5,Leukocytes,
30428-7,MCV [Entitic mean volume] in Red Blood Cells,Red Blood Cells,EntMeanVol,fL,Hematology,Other,True,"[""MCV (RBC) [Entitic mean vol]"", ""MCV RBC""]",30428-7,Observation,
30451-9,Segmented neutrophils [#/volume] in Blood,Whole Blood,Number concentration,10*9/L,Hematology,Complete Blood Count,False,"[""Neuts Seg # Bld"", ""Segmented neutrophils (Bld) [#/Vol]""]",30451-9,Neutrophils.segmented,
3051-0,Triiodothyronine (T3) Free [Mass/volume] in Serum or Plasma,Serum/Plasma,Mass concentration,pg/mL,Chemistry,Thyroid Profile,False,"[""FT3"", ""Free T3"", ""Free T3 [Mass/Vol]"", ""Free Triiodothyronine"", ""T3Free SerPl-mCnc""]",3051-0,Triiodothyronine.free,2.5 - 3.9
30522-7,C reactive protein [Mass/volume] in Serum or Plasma by High sensitivity method,Serum/Plasma,Mass concentration,mg/L,Chemistry,Liver Function Test,False,"[""CRP High sensitivity method [Mass/Vol]"", ""CRP Highly Sensitive"", ""CRP SerPl HS-mCnc"", ""High Sensitivity CRP"", ""hs-CRP""]",30522-7,C reactive protein,
3053-6,Triiodothyronine (T3) [Mass/volume] in Serum or Plasma,Serum/Plasma,Mass concentration,ng/dL,Chemistry,Thyroid Profile,False,"[""T3"", ""T3 SerPl-mCnc"", ""T3 [Mass/Vol]"", ""Total T3"", ""Total Triiodothyronine"", ""Triiodothyronine"", ""Triiodothyronine Total""]",3053-6,Triiodothyronine,
3084-1,Urate [Mass/volume] in Serum or Plasma,Serum/Plasma,Mass concentration,mg/dL,Chemistry,Kidney Function Test,False,"[""Serum Uric Acid"", ""Urate"", ""Urate SerPl-mCnc"", ""Urate [Mass/Vol]"", ""Uric Acid""]",3084-1,Urate,3.5 - 7.2
30934-4,Natriuretic peptide B [Mass/volume] in Serum or Plasma,Serum/Plasma,Mass concentration,ng/L,Chemistry,Other,False,"[""BNP SerPl-mCnc"", ""Natriuretic peptide B [Mass/Vol]""]",30934-4,Natriuretic peptide.B,
3094-0,Urea nitrogen [Mass/volume] in Serum or Plasma,Serum/Plasma,Mass concentration,mg/dL,Chemistry,Kidney Function Test,False,"[""BUN"", ""BUN SerPl-mCnc"", ""Blood Urea"", ""Blood Urea Nitrogen"", ""Urea"", ""Urea nitrogen [Mass/Vol]""]",3094-0,Urea nitrogen,19.3 - 49.38
3097-3,Urea nitrogen/Creatinine [Mass Ratio] in Serum or Plasma,Serum/Plasma,MRto,mg/mg creatinine,Chemistry,Kidney Function Test,False,"[""BUN/Creat SerPl"", ""Urea nitrogen/Creatinine [Mass ratio]""]",3097-3,Urea nitrogen/Creatinine,
31045-8,Creatinine/Urea nitrogen [Mass Ratio] in Serum or Plasma,Serum/Plasma,MRto,,Chemistry,Kidney Function Test,False,"[""Creat/Urea nit SerPl"", ""Creatinine/Urea nitrogen [Mass ratio]""]",31045-8,Creatinine/Urea nitrogen,
3107-0,Urobilinogen [Mass/volume] in Urine,Urine,Mass concentration,mg/dL,Chemistry,Urinalysis,False,"[""Urobilinogen (U) [Mass/Vol]"", ""Urobilinogen Ur-mCnc""]",3107-0,Urobilinogen,
31100-1,Hematocrit [Volume Fraction] of Blood by Impedance,Whole Blood,VFr,%,Hematology,Complete Blood Count,False,"[""Hct VFr Bld Imped"", ""Hematocrit Impedance (Bld) [Volume fraction]""]",31100-1,Erythrocyte/Blood,
3173-2,aPTT in Blood by Coagulation assay,Whole Blood,Time,seconds,Coagulation,Coagulation,False,"[""APTT"", ""Activated Partial Thromboplastin Time"", ""PTT"", ""aPTT"", ""aPTT Bld"", ""aPTT Coag (Bld) [Time]""]",3173-2,Coagulation surface induced,
3255-7,Fibrinogen [Mass/volume] in Platelet poor plasma by Coagulation assay,PPP,Mass concentration,g/L,Coagulation,Coagulation,False,"[""Fibrinogen"", ""Fibrinogen Coag (PPP) [Mass/Vol]"", ""Fibrinogen PPP-mCnc""]",3255-7,Fibrinogen,
32623-1,Platelet [Entitic mean volume] in Blood by Automated count,Whole Blood,EntMeanVol,fL,Hematology,Complete Blood Count,False,"[""MPV"", ""Mean Platelet Volume"", ""PMV Bld Auto"", ""Platelet Auto (Bld) [Entitic mean vol]""]",32623-1,Platelet,7.4 - 11.4
32693-4,Lactate [Moles/volume] in Blood,Whole Blood,Substance concentration,mmol/L,Chemistry,Other,False,"[""Lactate (Bld) [Moles/Vol]"", ""Lactate Bld-sCnc""]",32693-4,Lactate,
32713-0,Potassium [Moles/volume] in Arterial blood,Arterial Blood,Substance concentration,mmol/L,Chemistry,Electrolytes,False,"[""Potassium (BldA) [Moles/Vol]"", ""Potassium BldA-sCnc""]",32713-0,Potassium,
32717-1,Sodium [Moles/volume] in Arterial blood,Arterial Blood,Substance concentration,mmol/L,Chemistry,Electrolytes,False,"[""Sodium (BldA) [Moles/Vol]"", ""Sodium BldA-sCnc""]",32717-1,Sodium,
3298-7,Acetaminophen [Mass/volume] in Serum or Plasma,Serum/Plasma,Mass concentration,ug/mL,Toxicology,Other,False,"[""APAP SerPl-mCnc"", ""Acetaminophen [Mass/Vol]""]",3298-7,Acetaminophen,
33037-3,Anion gap in Serum or Plasma by calculation,Serum/Plasma,Substance concentration,mmol/L,Chemistry,Other,False,"[""Anion Gap SerPl Calc-sCnc"", ""Anion gap Calc [Moles/Vol]""]",33037-3,Anion gap,
33256-9,Leukocytes [#/volume] corrected for nucleated erythrocytes in Blood by Automated count,Whole Blood,Number concentration,10*3/uL,Hematology,Complete Blood Count,False,"[""WBC corrected for nucl RBC Auto (Bld) [#/Vol]"", ""WBC nRBC cor # Bld Auto""]",33256-9,Leukocytes^^corrected for nucleated erythrocytes,
33762-6,Natriuretic peptide.B prohormone N-Terminal [Mass/volume] in Serum or Plasma,Serum/Plasma,Mass concentration,pg/mL,Chemistry,Other,False,"[""NT-proBNP SerPl-mCnc"", ""Natriuretic peptide.B prohormone N-Terminal [Mass/Vol]""]",33762-6,Natriuretic peptide.B prohormone N-Terminal,
33914-3,Glomerular filtration rate [Volume Rate/Area] in Serum or Plasma by Creatinine-based formula (MDRD)/1.73 sq M,Serum/Plasma,ArVRat,mL/min,Chemistry,Kidney Function Test,False,"[""Estimated GFR"", ""GFR"", ""GFR Creatinine-based formula (MDRD)/1.73 sq M [Vol rate/Area]"", ""GFR SerPl Creatinine-bsd frml MDRD"", ""eGFR""]",33914-3,Glomerular filtration rate,
33959-8,Procalcitonin [Mass/volume] in Serum or Plasma,Serum/Plasma,Mass concentration,ng/mL,Chemistry,Other,False,"[""Procalcitonin SerPl-mCnc"", ""Procalcitonin [Mass/Vol]""]",33959-8,Procalcitonin,
34581-9,Calcium.ionized [Moles/volume] in Arterial blood,Arterial Blood,Substance concentration,mmol/L,Chemistry,Electrolytes,False,"[""Ca-I BldA-sCnc"", ""Calcium.ionized (BldA) [Moles/Vol]""]",34581-9,Calcium.ionized,
34714-6,INR in Blood by Coagulation assay,Whole Blood,Relative time,INR,Coagulation,Coagulation,False,"[""INR Bld"", ""INR Coag (Bld) [Relative time]""]",34714-6,Coagulation tissue factor induced.INR,
35332-6,Band form neutrophils/Leukocytes in Blood by Automated count,Whole Blood,Number fraction,%,Hematology,Complete Blood Count,False,"[""Band form neutrophils/Leukocytes Auto (Bld)"", ""Neuts Band NFr Bld Auto""]",35332-6,Neutrophils.band form/Leukocytes,
35591-7,Creatinine renal clearance predicted by Cockcroft-Gault formula,Serum/Plasma,VRat,mL/min,Chemistry,Kidney Function Test,False,"[""Creat Cl predicted SerPl C-G-vRate"", ""Creatinine renal clearance predicted Cockcroft-Gault formula [Vol/Time]""]",35591-7,Creatinine renal clearance.predicted,
35674-1,Creatinine [Mass/volume] in Urine collected for unspecified duration,Urine,Mass concentration,g/L,Chemistry,Urinalysis,False,"[""Creat ?Tm Ur-mCnc"", ""Creatinine Unsp time (U) [Mass/Vol]""]",35674-1,Creatinine,
35706-1,Albumin/Protein.total in Serum or Plasma,Serum/Plasma,Mass fraction,%,Chemistry,Liver Function Test,False,"[""Albumin MFr SerPl"", ""Albumin [Mass fraction]""]",35706-1,Albumin/Protein.total,
38483-4,Creatinine [Mass/volume] in Blood,Whole Blood,Mass concentration,mg/dL,Chemistry,Kidney Function Test,False,"[""Creat Bld-mCnc"", ""Creatinine (Bld) [Mass/Vol]""]",38483-4,Creatinine,
38488-3,IgG [Units/volume] in Serum,Serum,Arbitrary concentration,arb U/mL,Chemistry,Other,False,"[""IgG Qn (S)"", ""IgG Ser-aCnc""]",38488-3,IgG,
38518-7,Immature granulocytes/Leukocytes in Blood,Whole Blood,Number fraction,%,Hematology,Complete Blood Count,False,"[""Imm Granulocytes NFr Bld"", ""Immature granulocytes/Leukocytes (Bld)""]",38518-7,Granulocytes.immature/Leukocytes,
39789-3,Potassium [Moles/volume] in Venous blood,Venous Blood,Substance concentration,mmol/L,Chemistry,Electrolytes,False,"[""Potassium (BldV) [Moles/Vol]"", ""Potassium BldV-sCnc""]",39789-3,Potassium,
39791-9,Sodium [Moles/volume] in Venous blood,Venous Blood,Substance concentration,mmol/L,Chemistry,Electrolytes,False,"[""Sodium (BldV) [Moles/Vol]"", ""Sodium BldV-sCnc""]",39791-9,Sodium,
4024-6,Salicylates [Mass/volume] in Serum or Plasma,Serum/Plasma,Mass concentration,mg/dL,Toxicology,Other,False,"[""Salicylates SerPl-mCnc"", ""Salicylates [Mass/Vol]""]",4024-6,Salicylates,
40646-2,Leukocytes other/Leukocytes in Blood by Automated count,Whole Blood,Number fraction,%,Hematology,Complete Blood Count,False,"[""WBC Other NFr Bld Auto"", ""WBC other/Leukocytes Auto (Bld)""]",40646-2,Leukocytes other/Leukocytes,
4092-3,Vancomycin [Mass/volume] in Serum or Plasma --trough,Serum/Plasma,Mass concentration,mg/L,Toxicology,Other,False,"[""Vancomycin Trough SerPl-mCnc"", ""Vancomycin trough [Mass/Vol]""]",4092-3,Vancomycin^trough,
41276-7,Anion gap in Blood by calculation,Whole Blood,Substance concentration,mmol/L,Chemistry,Other,False,"[""Anion Gap Bld Calc-sCnc"", ""Anion gap Calc (Bld) [Moles/Vol]""]",41276-7,Anion gap,
41645-3,Calcium.ionized [Moles/volume] in Venous blood,Venous Blood,Substance concentration,mmol/L,Chemistry,Electrolytes,False,"[""Ca-I BldV-sCnc"", ""Calcium.ionized (BldV) [Moles/Vol]""]",41645-3,Calcium.ionized,
41647-9,"Carbon dioxide, total [Moles/volume] in Arterial blood by calculation",Arterial Blood,Substance concentration,mmol/L,Chemistry,Other,False,"[""CO2 BldA Calc-sCnc"", ""CO2 Calc (BldA) [Moles/Vol]""]",41647-9,Carbon dioxide,
41651-1,Glucose [Mass/volume] in Arterial blood,Arterial Blood,Mass concentration,mg/dL,Chemistry,Diabetes Panel,False,"[""Glucose (BldA) [Mass/Vol]"", ""Glucose BldA-mCnc""]",41651-1,Glucose,
41652-9,Glucose [Mass/volume] in Venous blood,Venous Blood,Mass concentration,mg/dL,Chemistry,Diabetes Panel,False,"[""Glucose (BldV) [Mass/Vol]"", ""Glucose BldV-mCnc""]",41652-9,Glucose,
41653-7,Glucose [Mass/volume] in Capillary blood by Glucometer,Capillary Blood,Mass concentration,mg/dL,Chemistry,Diabetes Panel,False,"[""Glucose BldC Glucomtr-mCnc"", ""Glucose Glucometer (BldC) [Mass/Vol]""]",41653-7,Glucose,
41995-2,Hemoglobin A1c [Mass/volume] in Blood,Whole Blood,Mass concentration,g/dL,Chemistry,HbA1c Panel,False,"[""HbA1c (Bld) [Mass/Vol]"", ""HbA1c Bld-mCnc""]",41995-2,Hemoglobin A1c,
42757-5,Troponin I.cardiac [Mass/volume] in Blood,Whole Blood,Mass concentration,ng/mL,Chemistry,Cardiac Markers,False,"[""Troponin I Bld-mCnc"", ""Troponin I.cardiac (Bld) [Mass/Vol]""]",42757-5,Troponin I.cardiac,
43396-1,Cholesterol non HDL [Mass/volume] in Serum or Plasma,Serum/Plasma,Mass concentration,mg/dL,Chemistry,Lipid Profile,False,"[""Cholesterol non HDL [Mass/Vol]"", ""NonHDLc SerPl-mCnc""]",43396-1,Cholesterol.non HDL,
44734-2,Urea nitrogen/Creatinine [Mass Ratio] in Blood,Whole Blood,MRto,g/g creatinine,Chemistry,Kidney Function Test,False,"[""BUN/Creat Bld"", ""Urea nitrogen/Creatinine (Bld) [Mass ratio]""]",44734-2,Urea nitrogen/Creatinine,
4485-9,Complement C3 [Mass/volume] in Serum or Plasma,Serum/Plasma,Mass concentration,g/L,Hematology,Other,False,"[""C3 SerPl-mCnc"", ""Complement C3 [Mass/Vol]""]",4485-9,Complement C3,
4498-2,Complement C4 [Mass/volume] in Serum or Plasma,Serum/Plasma,Mass concentration,g/L,Hematology,Other,False,"[""C4 SerPl-mCnc"", ""Complement C4 [Mass/Vol]""]",4498-2,Complement C4,
4537-7,Erythrocyte [Sedimentation Rate] in Blood by Westergren method,Whole Blood,Sedimentation Rate,mm/hr,Hematology,Complete Blood Count,False,"[""ESR"", ""ESR - Erythrocyte Sedimentation Rate"", ""Erythrocyte Sed Rat Bld Westrgrn"", ""Erythrocyte Sedimentation Rate"", ""Erythrocyte Westergren method (Bld) [Sedimentation Rate]"", ""Sed Rate""]",4537-7,Erythrocyte,0 - 10
4544-3,Hematocrit [Volume Fraction] of Blood by Automated count,Whole Blood,VFr,%,Hematology,Complete Blood Count,False,"[""HCT"", ""Haematocrit"", ""Hct"", ""Hct VFr Bld Auto"", ""Hematocrit"", ""Hematocrit Auto (Bld) [Volume fraction]"", ""PCV"", ""Packed Cell Volume""]",4544-3,Erythrocyte/Blood,
4548-4,Hemoglobin A1c/Hemoglobin.total in Blood,Whole Blood,Mass fraction,%,Chemistry,HbA1c Panel,False,"[""A1C"", ""Glycated Hemoglobin"", ""Glycosylated Hemoglobin"", ""HBA1C"", ""HbA1c"", ""HbA1c (Bld) [Mass fraction]"", ""HbA1c MFr Bld"", ""Hba1c""]",4548-4,Hemoglobin A1c/Hemoglobin.total,"<5.7: Normal
5.7 to 6.5: Pre-diabetic
>6.5: Diabetic"
46418-0,INR in Capillary blood by Coagulation assay,Capillary Blood,Relative time,,Coagulation,Coagulation,False,"[""INR BldC"", ""INR Coag (BldC) [Relative time]""]",46418-0,Coagulation tissue factor induced.INR,
48065-7,Fibrin D-dimer FEU [Mass/volume] in Platelet poor plasma,PPP,Mass concentration,ug/L FEU,Coagulation,Coagulation,False,"[""D Dimer"", ""D Dimer PPP FEU-mCnc"", ""D-Dimer"", ""Fibrin D-dimer FEU (PPP) [Mass/Vol]""]",48065-7,Fibrin D-dimer,
48642-3,"Glomerular filtration rate [Volume Rate/Area] in Serum, Plasma or Blood by Creatinine-based formula (MDRD)/1.73 sq M among non black population",Serum/Plasma/Blood,ArVRat,mL/min,Chemistry,Kidney Function Test,False,"[""GFR Creatinine-based formula (MDRD)/1.73 sq M among non black population (S/P/Bld) [Vol rate/Area]"", ""GFR/BSA pr.non blk SerPlBld MDRD-ArV""]",48642-3,Glomerular filtration rate,
48643-1,"Glomerular filtration rate [Volume Rate/Area] in Serum, Plasma or Blood by Creatinine-based formula (MDRD)/1.73 sq M among black population",Serum/Plasma/Blood,ArVRat,mL/min,Chemistry,Kidney Function Test,False,"[""GFR Creatinine-based formula (MDRD)/1.73 sq M among black population (S/P/Bld) [Vol rate/Area]"", ""GFR SerPlBld Creatinine-bsd fmla /1.73sq""]",48643-1,Glomerular filtration rate,
49054-0,25-hydroxyvitamin D2 [Mass/volume] in Serum or Plasma,Serum/Plasma,Mass concentration,ng/mL,Chemistry,Other,False,"[""25(OH)D2 SerPl-mCnc"", ""25-hydroxyvitamin D2 [Mass/Vol]""]",49054-0,Ercalcidiol,
49497-1,Platelets [#/volume] in Blood by Estimate,Whole Blood,Number concentration,10*3/mm3,Hematology,Complete Blood Count,False,"[""Platelet # Bld Est"", ""Platelets Estimate (Bld) [#/Vol]""]",49497-1,Platelets,
49936-8,Calcium.ionized/Calcium.total corrected for albumin in Blood,Whole Blood,Mass fraction,%,Chemistry,Liver Function Test,False,"[""Ca-I Album cor MFr Bld"", ""Calcium.ionized/Total Ca corrected for albumin (Bld) [Mass fraction]""]",49936-8,Calcium.ionized/Calcium.total^^corrected for albumin,
50562-8,Specific gravity of Urine by Refractometry automated,Urine,SpGrav,,Urinalysis,Urinalysis,False,"[""Sp Gr Ur Refract.auto"", ""Specific gravity Refractometry automated (U)""]",50562-8,Observation,
51584-1,Immature granulocytes [#/volume] in Blood,Whole Blood,Number concentration,10*9/L,Hematology,Other,False,"[""Imm Granulocytes # Bld"", ""Immature granulocytes (Bld) [#/Vol]""]",51584-1,Granulocytes.immature,
53115-2,Immature granulocytes [#/volume] in Blood by Automated count,Whole Blood,Number concentration,10*9/L,Hematology,Other,False,"[""Imm Granulocytes # Bld Auto"", ""Immature granulocytes Auto (Bld) [#/Vol]""]",53115-2,Granulocytes.immature,
53553-4,Glucose mean value [Moles/volume] in Blood Estimated from glycated hemoglobin,Whole Blood,Substance concentration,mmol/L,Chemistry,Diabetes Panel,False,"[""Average glucose Estimated from glycated hemoglobin (Bld) [Moles/Vol]"", ""Est. average glucose Bld gHb Est-sCnc""]",53553-4,Estimated average glucose,
5643-2,Ethanol [Mass/volume] in Serum or Plasma,Serum/Plasma,Mass concentration,mg/dL,Toxicology,Other,False,"[""Ethanol SerPl-mCnc"", ""Ethanol [Mass/Vol]""]",5643-2,Ethanol,
58413-6,Nucleated erythrocytes/Leukocytes [Ratio] in Blood by Automated count,Whole Blood,Ratio,%,Hematology,Complete Blood Count,False,"[""Nucleated RBC/Leukocytes Auto (Bld) [Ratio]"", ""nRBC Bld Auto-Rto""]",58413-6,Erythrocytes.nucleated/Leukocytes,
5902-2,Prothrombin time (PT),PPP,Time,seconds,Coagulation,Coagulation,False,"[""PT"", ""PT Coag (PPP) [Time]"", ""Prothrombin Time"", ""Prothrombin time""]",5902-2,Coagulation tissue factor induced,
5905-5,Monocytes/Leukocytes in Blood by Automated count,Whole Blood,Number fraction,%,Hematology,Complete Blood Count,False,"[""Monocyte %"", ""Monocytes"", ""Monocytes %"", ""Monocytes NFr Bld Auto"", ""Monocytes/Leukocytes Auto (Bld)""]",5905-5,Monocytes/Leukocytes,01 - 10
61151-7,Albumin [Mass/volume] in Serum or Plasma by Bromocresol green (BCG) dye binding method,Serum/Plasma,Mass concentration,g/dl,Chemistry,Liver Function Test,False,"[""Albumin BCG dye [Mass/Vol]"", ""Albumin SerPl BCG-mCnc""]",61151-7,Albumin,
61152-5,Albumin [Mass/volume] in Serum or Plasma by Bromocresol purple (BCP) dye binding method,Serum/Plasma,Mass concentration,g/dl,Chemistry,Liver Function Test,False,"[""Albumin BCP dye [Mass/Vol]"", ""Albumin SerPl BCP-mCnc""]",61152-5,Albumin,
62238-1,"Glomerular filtration rate [Volume Rate/Area] in Serum, Plasma or Blood by Creatinine-based formula (CKD-EPI)/1.73 sq M",Serum/Plasma/Blood,ArVRat,mL/min/1.73 sq M,Chemistry,Kidney Function Test,False,"[""GFR Creatinine-based formula (CKD-EPI)/1.73 sq M (S/P/Bld) [Vol rate/Area]"", ""GFR SerPlBld Creatinine-bsd fmla CKD-EPI""]",62238-1,Glomerular filtration rate,
62292-8,25-Hydroxyvitamin D3+25-Hydroxyvitamin D2 [Mass/volume] in Serum or Plasma,Serum/Plasma,Mass concentration,ng/mL,Chemistry,Other,False,"[""25(OH)D3+25(OH)D2 SerPl-mCnc"", ""25-hydroxyvitamin D [Mass/Vol]""]",62292-8,Calcidiol+ercalcidiol,
6298-4,Potassium [Moles/volume] in Blood,Whole Blood,Substance concentration,mmol/L,Chemistry,Electrolytes,False,"[""Potassium (Bld) [Moles/Vol]"", ""Potassium Bld-sCnc""]",6298-4,Potassium,
6299-2,Urea nitrogen [Mass/volume] in Blood,Whole Blood,Mass concentration,mg/dL,Chemistry,Kidney Function Test,False,"[""BUN Bld-mCnc"", ""Urea nitrogen (Bld) [Mass/Vol]""]",6299-2,Urea nitrogen,
6301-6,INR in Platelet poor plasma by Coagulation assay,PPP,Relative time,,Coagulation,Coagulation,False,"[""INR"", ""INR Coag (PPP) [Relative time]"", ""INR PPP"", ""International Normalized Ratio""]",6301-6,Coagulation tissue factor induced.INR,
6690-2,Leukocytes [#/volume] in Blood by Automated count,Whole Blood,Number concentration,10*9/L,Hematology,Complete Blood Count,False,"[""Leukocytes"", ""TLC"", ""Total Leucocyte Count"", ""Total Leukocyte Count"", ""WBC"", ""WBC # Bld Auto"", ""WBC Auto (Bld) [#/Vol]"", ""WBC Count"", ""White Blood Cell Count"", ""White Blood Cells""]",6690-2,Leukocytes,
67151-1,Troponin T.cardiac [Mass/volume] in Serum or Plasma by High sensitivity method,Serum/Plasma,Mass concentration,ng/L,Chemistry,Cardiac Markers,False,"[""Troponin T SerPl HS-mCnc"", ""Troponin T.cardiac High sensitivity method [Mass/Vol]""]",67151-1,Troponin T.cardiac,
6768-6,Alkaline phosphatase [Enzymatic activity/volume] in Serum or Plasma,Serum/Plasma,Catalytic concentration,U/L,Chemistry,Liver Function Test,False,"[""ALP"", ""ALP SerPl-cCnc"", ""ALP [Catalytic activity/Vol]"", ""Alk Phos"", ""Alkaline Phosphatase""]",6768-6,Alkaline phosphatase,
69405-9,"Glomerular filtration rate [Volume Rate/Area] in Serum, Plasma or Blood by based on 1.73 sq M",Serum/Plasma/Blood,ArVRat,mL/min,Chemistry,Kidney Function Test,False,"[""GFR SerPlBld based on 1.73 sq M-ArVRat"", ""GFR based on 1.73 sq M (S/P/Bld) [Vol rate/Area]""]",69405-9,Glomerular filtration rate,
704-7,Basophils [#/volume] in Blood by Automated count,Whole Blood,Number concentration,10*9/L,Hematology,Complete Blood Count,False,"[""ABC"", ""Absolute Basophil Count"", ""Basophils # Bld Auto"", ""Basophils Absolute"", ""Basophils Auto (Bld) [#/Vol]""]",704-7,Basophils,0.0 - 0.10
705-4,Basophils [#/volume] in Blood by Manual count,Whole Blood,Number concentration,10*9/L,Hematology,Complete Blood Count,False,"[""Basophils # Bld Manual"", ""Basophils Manual cnt (Bld) [#/Vol]""]",705-4,Basophils,
706-2,Basophils/Leukocytes in Blood by Automated count,Whole Blood,Number fraction,%,Hematology,Complete Blood Count,False,"[""Basophil %"", ""Basophils"", ""Basophils %"", ""Basophils NFr Bld Auto"", ""Basophils/Leukocytes Auto (Bld)""]",706-2,Basophils/Leukocytes,00 - 02
707-0,Basophils/Leukocytes in Blood by Manual count,Whole Blood,Number fraction,%,Hematology,Complete Blood Count,False,"[""Basophils NFr Bld Manual"", ""Basophils/Leukocytes Manual cnt (Bld)""]",707-0,Basophils/Leukocytes,
711-2,Eosinophils [#/volume] in Blood by Automated count,Whole Blood,Number concentration,10*9/L,Hematology,Complete Blood Count,False,"[""AEC"", ""Absolute Eosinophil Count"", ""Eosinophil # Bld Auto"", ""Eosinophils Absolute"", ""Eosinophils Auto (Bld) [#/Vol]""]",711-2,Eosinophils,
712-0,Eosinophils [#/volume] in Blood by Manual count,Whole Blood,Number concentration,10*9/L,Hematology,Complete Blood Count,False,"[""Eosinophil # Bld Manual"", ""Eosinophils Manual cnt (Bld) [#/Vol]""]",712-0,Eosinophils,
713-8,Eosinophils/Leukocytes in Blood by Automated count,Whole Blood,Number fraction,%,Hematology,Complete Blood Count,False,"[""Eosinophil %"", ""Eosinophil NFr Bld Auto"", ""Eosinophils"", ""Eosinophils %"", ""Eosinophils/Leukocytes Auto (Bld)""]",713-8,Eosinophils/Leukocytes,01 - 06
714-6,Eosinophils/Leukocytes in Blood by Manual count,Whole Blood,Number fraction,%,Hematology,Complete Blood Count,False,"[""Eosinophil NFr Bld Manual"", ""Eosinophils/Leukocytes Manual cnt (Bld)""]",714-6,Eosinophils/Leukocytes,
71695-1,Immature granulocytes/Leukocytes in Blood by Automated count,Whole Blood,Number fraction,%,Hematology,Complete Blood Count,False,"[""Imm Granulocytes NFr Bld Auto"", ""Immature granulocytes/Leukocytes Auto (Bld)""]",71695-1,Granulocytes.immature/Leukocytes,
718-7,Hemoglobin [Mass/volume] in Blood,Whole Blood,Mass concentration,g/dL,Hematology,Complete Blood Count,False,"[""HGB"", ""Haemoglobin"", ""Hb"", ""Hemoglobin"", ""Hemoglobin (Bld) [Mass/Vol]"", ""Hgb"", ""Hgb Bld-mCnc""]",718-7,Hemoglobin,
731-0,Lymphocytes [#/volume] in Blood by Automated count,Whole Blood,Number concentration,10*9/L,Hematology,Complete Blood Count,False,"[""ALC"", ""Absolute Lymphocyte Count"", ""Lymphocytes # Bld Auto"", ""Lymphocytes Absolute"", ""Lymphocytes Auto (Bld) [#/Vol]""]",731-0,Lymphocytes,
732-8,Lymphocytes [#/volume] in Blood by Manual count,Whole Blood,Number concentration,10*9/L,Hematology,Complete Blood Count,False,"[""Lymphocytes # Bld Manual"", ""Lymphocytes Manual cnt (Bld) [#/Vol]""]",732-8,Lymphocytes,
736-9,Lymphocytes/Leukocytes in Blood by Automated count,Whole Blood,Number fraction,%,Hematology,Complete Blood Count,False,"[""Lymphocyte %"", ""Lymphocytes"", ""Lymphocytes %"", ""Lymphocytes NFr Bld Auto"", ""Lymphocytes/Leukocytes Auto (Bld)""]",736-9,Lymphocytes/Leukocytes,20 - 45
737-7,Lymphocytes/Leukocytes in Blood by Manual count,Whole Blood,Number fraction,%,Hematology,Complete Blood Count,False,"[""Lymphocytes NFr Bld Manual"", ""Lymphocytes/Leukocytes Manual cnt (Bld)""]",737-7,Lymphocytes/Leukocytes,
740-1,Metamyelocytes/Leukocytes in Blood by Manual count,Whole Blood,Number fraction,%,Hematology,Complete Blood Count,False,"[""Metamyelocytes NFr Bld Manual"", ""Metamyelocytes/Leukocytes Manual cnt (Bld)""]",740-1,Metamyelocytes/Leukocytes,
742-7,Monocytes [#/volume] in Blood by Automated count,Whole Blood,Number concentration,10*9/L,Hematology,Complete Blood Count,False,"[""AMC"", ""Absolute Monocyte Count"", ""Monocytes # Bld Auto"", ""Monocytes Absolute"", ""Monocytes Auto (Bld) [#/Vol]""]",742-7,Monocytes,0.2 - 1.0
743-5,Monocytes [#/volume] in Blood by Manual count,Whole Blood,Number concentration,10*9/L,Hematology,Complete Blood Count,False,"[""Monocytes # Bld Manual"", ""Monocytes Manual cnt (Bld) [#/Vol]""]",743-5,Monocytes,
744-3,Monocytes/Leukocytes in Blood by Manual count,Whole Blood,Number fraction,%,Hematology,Complete Blood Count,False,"[""Monocytes NFr Bld Manual"", ""Monocytes/Leukocytes Manual cnt (Bld)""]",744-3,Monocytes/Leukocytes,
74774-1,"Glucose [Mass/volume] in Serum, Plasma or Blood",Serum/Plasma/Blood,Mass concentration,mg/dl,Chemistry,Diabetes Panel,False,"[""Glucose (S/P/Bld) [Mass/Vol]"", ""Glucose SerPlBld-mCnc""]",74774-1,Glucose,
749-2,Myelocytes/Leukocytes in Blood by Manual count,Whole Blood,Number fraction,%,Hematology,Complete Blood Count,False,"[""Myelocytes NFr Bld Manual"", ""Myelocytes/Leukocytes Manual cnt (Bld)""]",749-2,Myelocytes/Leukocytes,
751-8,Neutrophils [#/volume] in Blood by Automated count,Whole Blood,Number concentration,10*9/L,Hematology,Complete Blood Count,False,"[""ANC"", ""Absolute Neutrophil Count"", ""Neutrophils # Bld Auto"", ""Neutrophils Absolute"", ""Neutrophils Auto (Bld) [#/Vol]""]",751-8,Neutrophils,
753-4,Neutrophils [#/volume] in Blood by Manual count,Whole Blood,Number concentration,10*9/L,Hematology,Complete Blood Count,False,"[""Neutrophils # Bld Manual"", ""Neutrophils Manual cnt (Bld) [#/Vol]""]",753-4,Neutrophils,
764-1,Band form neutrophils/Leukocytes in Blood by Manual count,Whole Blood,Number fraction,%,Hematology,Complete Blood Count,False,"[""Band form neutrophils/Leukocytes Manual cnt (Bld)"", ""Neuts Band NFr Bld Manual""]",764-1,Neutrophils.band form/Leukocytes,
768-2,Segmented neutrophils [#/volume] in Blood by Manual count,Whole Blood,Number concentration,10*9/L,Hematology,Complete Blood Count,False,"[""Neuts Seg # Bld Manual"", ""Segmented neutrophils Manual cnt (Bld) [#/Vol]""]",768-2,Neutrophils.segmented,
769-0,Segmented neutrophils/Leukocytes in Blood by Manual count,Whole Blood,Number fraction,%,Hematology,Complete Blood Count,False,"[""Neuts Seg NFr Bld Manual"", ""Segmented neutrophils/Leukocytes Manual cnt (Bld)""]",769-0,Neutrophils.segmented/Leukocytes,
770-8,Neutrophils/Leukocytes in Blood by Automated count,Whole Blood,Number fraction,%,Hematology,Complete Blood Count,False,"[""Neutrophil %"", ""Neutrophils"", ""Neutrophils %"", ""Neutrophils NFr Bld Auto"", ""Neutrophils/Leukocytes Auto (Bld)""]",770-8,Neutrophils/Leukocytes,40 - 75
77147-7,"Glomerular filtration rate [Volume Rate/Area] in Serum, Plasma or Blood by Creatinine-based formula (MDRD)/1.73 sq M",Serum/Plasma/Blood,ArVRat,mL/min/1.73 sq m,Chemistry,Kidney Function Test,False,"[""GFR Creatinine-based formula (MDRD)/1.73 sq M (S/P/Bld) [Vol rate/Area]"", ""GFRSerPlBld MDRD-ArVRat""]",77147-7,Glomerular filtration rate,
771-6,Nucleated erythrocytes [#/volume] in Blood by Automated count,Whole Blood,Number concentration,10*9/L,Hematology,Complete Blood Count,False,"[""Nucleated RBC Auto (Bld) [#/Vol]"", ""nRBC # Bld Auto""]",771-6,Erythrocytes.nucleated,
776-5,Platelet [Entitic mean volume] in Blood by Rees-Ecker,Whole Blood,EntMeanVol,fL,Hematology,Complete Blood Count,False,"[""PMV Bld Rees-Ecker"", ""Platelet Rees-Ecker (Bld) [Entitic mean vol]""]",776-5,Platelet,
777-3,Platelets [#/volume] in Blood by Automated count,Whole Blood,Number concentration,10*9/L,Hematology,Complete Blood Count,False,"[""PLT"", ""Platelet"", ""Platelet # Bld Auto"", ""Platelet Count"", ""Platelets"", ""Platelets Auto (Bld) [#/Vol]"", ""Thrombocyte Count""]",777-3,Platelets,
783-1,Promyelocytes/Leukocytes in Blood by Manual count,Whole Blood,Number fraction,%,Hematology,Complete Blood Count,False,"[""Promyelocytes NFr Bld Manual"", ""Promyelocytes/Leukocytes Manual cnt (Bld)""]",783-1,Promyelocytes/Leukocytes,
785-6,MCH [Entitic mass] by Automated count,Red Blood Cells,Entitic mass,pg,Hematology,Complete Blood Count,True,"[""MCH"", ""MCH Auto (RBC) [Entitic mass]"", ""MCH RBC Qn Auto"", ""Mean Corpuscular Haemoglobin"", ""Mean Corpuscular Hemoglobin""]",785-6,Hemoglobin,
786-4,MCHC [Entitic Mass/volume] in Red Blood Cells by Automated count,Red Blood Cells,EntMCnc,g/dL,Hematology,Complete Blood Count,True,"[""MCHC"", ""MCHC Auto (RBC) [Entitic Mass/Vol]"", ""MCHC RBC Auto-EntMCnc"", ""Mean Corpuscular Hemoglobin Concentration""]",786-4,Hemoglobin,
787-2,MCV [Entitic mean volume] in Red Blood Cells by Automated count,Red Blood Cells,EntMeanVol,fL,Hematology,Other,True,"[""MCV"", ""MCV Auto (RBC) [Entitic mean vol]"", ""MCV RBC Auto"", ""Mean Corpuscular Volume""]",787-2,Observation,
788-0,Erythrocyte [DistWidth] in Blood by Automated count,Whole Blood,DistWidth,%,Hematology,Complete Blood Count,True,"[""Erythrocyte Auto (Bld) [DistWidth]"", ""Erythrocyte DistWidth Bld Auto"", ""RDW"", ""RDW-CV"", ""Red Cell Distribution Width""]",788-0,Erythrocyte,
789-8,Erythrocytes [#/volume] in Blood by Automated count,Whole Blood,Number concentration,10*12/L,Hematology,Complete Blood Count,False,"[""Erythrocytes"", ""RBC"", ""RBC # Bld Auto"", ""RBC Auto (Bld) [#/Vol]"", ""RBC Count"", ""Red Blood Cell Count"", ""Red Blood Cells"", ""Total RBC Count""]",789-8,Erythrocytes,
9318-7,Albumin/Creatinine [Mass Ratio] in Urine,Urine,MRto,ug/mg creatinine,Chemistry,Urinalysis,False,"[""Albumin/Creat Ur"", ""Albumin/Creatinine (U) [Mass ratio]""]",9318-7,Albumin/Creatinine,
9830-1,Cholesterol.total/Cholesterol in HDL [Mass Ratio] in Serum or Plasma,Serum/Plasma,MRto,ratio,Chemistry,Lipid Profile,False,"[""Chol/HDL Ratio"", ""Cholest/HDLc SerPl"", ""Cholesterol Ratio"", ""Cholesterol.total/Cholesterol in HDL [Mass ratio]"", ""TC/HDL Ratio"", ""Total Cholesterol/HDL Ratio""]",9830-1,Cholesterol.total/Cholesterol.in HDL,
